name,size,price,type,ingredients,enabled
Chevere Logs,XL,$79603.32,visa,Salt,false
Wine - Red Oakridge Merlot,XL,$38889.53,maestro,Potatoes,true
Tea - Camomele,XL,$80182.22,jcb,Tuna,false
Ice Cream - Vanilla,2XL,$70528.95,instapayment,Sugar,false
Wine - Magnotta - Pinot Gris Sr,XS,$131545.56,jcb,Sugar,true
"Juice - Orange, 341 Ml",S,$163017.46,jcb,Water,false
"Octopus - Baby, Cleaned",S,$118061.27,maestro,Sugar,true
Otomegusa Dashi Konbu,S,$25938.50,jcb,Potatoes,false
Container - Clear 32 Oz,XL,$152680.24,diners-club-enroute,Strawberry Juice,true
Tart - Pecan Butter Squares,M,$150742.11,americanexpress,Wine,true
Basil - Seedlings Cookstown,M,$8231.03,jcb,Wine,true
Swordfish Loin Portions,L,$162698.56,jcb,Strawberry Juice,false
Molasses - Fancy,3XL,$170450.35,diners-club-enroute,Strawberry Juice,true
Gherkin - Sour,M,$62846.51,diners-club-carte-blanche,Cheese,false
Cheese - Gorgonzola,XS,$15510.99,laser,Potatoes,true
Okra,XS,$198457.57,diners-club-enroute,Cheese,false
Isomalt,XL,$146496.77,jcb,Tuna,false
Sproutsmustard Cress,L,$76390.63,jcb,Salt,true
Ice Cream Bar - Hagen Daz,XS,$195403.00,jcb,Wine,true
Peas Snow,3XL,$20762.93,jcb,Wine,false
Peppercorns - Pink,3XL,$161599.70,jcb,Strawberry Juice,true
Beer - Heinekin,L,$172484.65,solo,Potatoes,false
Cape Capensis - Fillet,2XL,$152658.92,jcb,Sugar,false
Goat - Leg,XL,$7102.68,switch,Sugar,true
Pastry - Trippleberry Muffin - Mini,2XL,$191996.23,jcb,Cheese,false
"Lamb - Racks, Frenched",XL,$31052.64,jcb,Salt,false
Ham - Virginia,XS,$33419.17,mastercard,Wine,false
Chocolate Eclairs,3XL,$14685.29,maestro,Salt,true
"Bread - White, Sliced",XS,$19446.85,diners-club-carte-blanche,Cheese,true
Pepper - Jalapeno,M,$109863.08,jcb,Cheese,false
Pepper - Chilli Seeds Mild,2XL,$68144.75,switch,Salt,true
Pear - Halves,M,$44100.93,jcb,Water,true
Wine - Casablanca Valley,XS,$166918.04,diners-club-enroute,Potatoes,true
Buffalo - Striploin,S,$56359.06,jcb,Tomatoe,false
Yokaline,M,$119765.84,switch,Potatoes,false
Cheese - Oka,S,$122647.97,laser,Tuna,true
Versatainer Nc - 8288,XS,$35778.43,diners-club-enroute,Sugar,true
"Wine - Red, Metus Rose",M,$3154.20,maestro,Salt,true
Grand Marnier,M,$35132.26,jcb,Strawberry,false
Muffin - Mix - Creme Brule 15l,3XL,$7751.61,jcb,Strawberry,false
Oven Mitt - 13 Inch,S,$134512.50,visa-electron,Strawberry Juice,false
Lettuce - Belgian Endive,L,$96757.53,mastercard,Potatoes,true
Cheese - Parmigiano Reggiano,3XL,$76328.39,jcb,Sugar,true
"Quail - Whole, Boneless",L,$150108.78,maestro,Tuna,false
Longos - Assorted Sandwich,3XL,$68433.77,bankcard,Cheese,true
Compound - Mocha,L,$25236.34,mastercard,Tuna,false
Bagelers,2XL,$179407.23,jcb,Strawberry Juice,false
Chocolate - Mi - Amere Semi,XL,$12771.02,solo,Tuna,false
Longos - Lasagna Veg,M,$78929.27,jcb,Strawberry,true
Tuna - Salad Premix,2XL,$152800.73,mastercard,Salt,true
Taro Leaves,S,$34040.23,diners-club-carte-blanche,Sugar,false
"Pineapple - Canned, Rings",XL,$175169.69,jcb,Cheese,false
Smirnoff Green Apple Twist,M,$105707.98,americanexpress,Sugar,false
"Shrimp - 21/25, Peel And Deviened",XS,$129530.92,visa-electron,Salt,false
Juice - Orange,L,$164427.35,diners-club-enroute,Tuna,true
Pork - Inside,XS,$31224.39,laser,Strawberry,true
"Nut - Hazelnut, Whole",L,$15406.66,jcb,Potatoes,false
Soup Campbells - Tomato Bisque,L,$158643.54,jcb,Potatoes,false
Sorrel - Fresh,S,$127634.51,jcb,Cheese,true
Bread - 10 Grain,XL,$169668.65,jcb,Wine,false
"Asparagus - Green, Fresh",L,$130779.81,diners-club-enroute,Strawberry Juice,true
Pork Loin Cutlets,M,$122044.77,americanexpress,Wine,true
Pie Shell - 9,XS,$105657.61,switch,Potatoes,false
Onions Granulated,M,$53991.58,jcb,Strawberry Juice,true
Flour Pastry Super Fine,M,$190529.45,maestro,Sugar,false
Salami - Genova,L,$28574.62,jcb,Cheese,true
"Beans - Navy, Dry",3XL,$145431.14,maestro,Cheese,true
"Pork - Chop, Frenched",2XL,$101143.72,bankcard,Water,false
Dehydrated Kelp Kombo,M,$88455.33,mastercard,Tuna,true
Cookie Double Choco,L,$147447.20,jcb,Potatoes,false
Steampan Lid,S,$32599.84,jcb,Salt,false
Sauce - Marinara,M,$20315.48,bankcard,Potatoes,true
Spice - Peppercorn Melange,2XL,$117970.07,diners-club-carte-blanche,Water,false
Bay Leaf Ground,3XL,$74952.09,mastercard,Wine,false
Muffin Batt - Carrot Spice,XL,$75518.39,jcb,Salt,true
Flavouring - Raspberry,3XL,$87050.12,jcb,Cheese,false
Flower - Leather Leaf Fern,3XL,$164240.00,jcb,Sugar,true
Ice Cream Bar - Drumstick,XL,$9601.12,americanexpress,Wine,true
Pectin,M,$104626.81,diners-club-carte-blanche,Potatoes,true
Cheese - St. Andre,XL,$165566.06,switch,Tomatoe,true
Milk Powder,S,$145840.13,china-unionpay,Strawberry,false
Onions - Vidalia,L,$114218.32,china-unionpay,Wine,false
Wine - Maipo Valle Cabernet,M,$128531.92,switch,Strawberry Juice,false
Island Oasis - Pina Colada,2XL,$19040.59,jcb,Strawberry Juice,true
"Chicken - Leg, Fresh",M,$154754.65,diners-club-enroute,Salt,true
Muffin Mix - Carrot,S,$82161.05,jcb,Sugar,true
Bread - Raisin Walnut Oval,M,$185931.40,jcb,Tomatoe,false
Cheese - Oka,3XL,$153334.31,jcb,Sugar,false
Beer - Upper Canada Lager,S,$159410.33,maestro,Wine,false
Squid - U 5,S,$175810.00,maestro,Strawberry,true
Dragon Fruit,XS,$186846.14,jcb,Wine,false
Wine - Fume Blanc Fetzer,XS,$18858.53,diners-club-enroute,Tomatoe,false
Pepper - Pablano,2XL,$130269.31,jcb,Potatoes,false
Wine - Duboeuf Beaujolais,S,$128760.55,jcb,Tuna,false
Glycerine,2XL,$171447.35,visa,Salt,false
"Mushroom - Enoki, Fresh",S,$69603.13,jcb,Tomatoe,true
Bread Bowl Plain,S,$135353.14,jcb,Cheese,false
Curry Paste - Madras,XS,$83617.94,visa-electron,Water,false
Shrimp - 31/40,XL,$24752.81,diners-club-carte-blanche,Tuna,true
Salmon Steak - Cohoe 8 Oz,M,$5415.40,diners-club-enroute,Tomatoe,false
Wine - Alsace Gewurztraminer,2XL,$64430.75,maestro,Strawberry,false
Buffalo - Short Rib Fresh,S,$91381.96,bankcard,Salt,false
Tea - Green,XS,$12168.45,jcb,Water,true
Danishes - Mini Raspberry,2XL,$102621.80,visa-electron,Tomatoe,true
"Bread - Bagels, Mini",XL,$192053.60,china-unionpay,Wine,false
Dasheen,XS,$197801.90,maestro,Tomatoe,false
Pastry - Chocolate Chip Muffin,S,$23447.99,americanexpress,Cheese,true
Cake Sheet Combo Party Pack,XS,$16753.69,visa,Strawberry,true
"Juice - Cranberry, 341 Ml",XS,$24156.18,bankcard,Cheese,true
Wine - Casillero Del Diablo,M,$105633.69,jcb,Wine,false
Garlic,XL,$30575.88,switch,Strawberry Juice,false
Soup - French Can Pea,2XL,$188116.26,switch,Potatoes,false
"Tortillas - Flour, 12",L,$173667.32,jcb,Water,true
"Wine - Red, Lurton Merlot De",M,$99510.40,bankcard,Water,true
Chicken - Leg / Back Attach,2XL,$197481.79,jcb,Potatoes,true
Tea - Grapefruit Green Tea,XL,$100123.33,jcb,Cheese,false
Lamb - Sausage Casings,XL,$119375.23,china-unionpay,Cheese,false
"Crab - Blue, Frozen",3XL,$57585.19,visa,Tuna,false
Butter Ripple - Phillips,L,$36362.57,diners-club-carte-blanche,Tuna,true
Pecan Raisin - Tarts,3XL,$66272.24,jcb,Cheese,false
"Bread - Roll, Canadian Dinner",2XL,$17762.41,switch,Strawberry Juice,false
Bread Bowl Plain,XS,$112272.38,maestro,Potatoes,false
Bread - Dark Rye,M,$150021.94,maestro,Potatoes,false
"Champagne - Brights, Dry",M,$110648.94,jcb,Tomatoe,false
Tomatoes - Cherry,3XL,$25044.99,jcb,Strawberry Juice,true
Tea - Camomele,L,$41464.06,jcb,Wine,true
Wine - Hardys Bankside Shiraz,XS,$81389.55,mastercard,Potatoes,false
Sole - Fillet,3XL,$178053.47,laser,Wine,true
Sprouts - China Rose,M,$197959.42,china-unionpay,Cheese,true
Wine - Blue Nun Qualitatswein,XS,$66600.45,americanexpress,Salt,true
Fork - Plastic,M,$183320.99,switch,Salt,true
"Rum - Light, Captain Morgan",XL,$42203.94,diners-club-enroute,Tomatoe,false
Cheese - Wine,3XL,$167482.38,jcb,Wine,false
"Pepper - Julienne, Frozen",3XL,$192822.33,china-unionpay,Wine,true
Capicola - Hot,L,$51491.95,mastercard,Strawberry,true
"Turkey - Breast, Boneless Sk On",2XL,$98863.55,laser,Tuna,false
Bandage - Flexible Neon,XS,$11734.95,diners-club-carte-blanche,Tuna,true
Food Colouring - Orange,3XL,$15470.47,maestro,Tomatoe,false
"Beef - Tongue, Fresh",3XL,$170797.77,laser,Sugar,true
Otomegusa Dashi Konbu,M,$27890.04,jcb,Strawberry,false
Truffle Cups - White Paper,XL,$15368.86,mastercard,Potatoes,false
Bread Sour Rolls,XS,$139633.97,diners-club-international,Strawberry Juice,true
Parsley Italian - Fresh,L,$156599.93,switch,Salt,false
Beef - Bresaola,XL,$103374.76,switch,Water,false
Compound - Passion Fruit,M,$121829.81,diners-club-carte-blanche,Salt,false
Wine - Beaujolais Villages,XL,$169744.48,diners-club-carte-blanche,Potatoes,true
Longos - Cheese Tortellini,3XL,$93071.91,switch,Cheese,false
Beef - Top Butt,2XL,$101780.94,jcb,Tomatoe,true
Flour - So Mix Cake White,S,$105081.28,jcb,Potatoes,false
Bowl 12 Oz - Showcase 92012,S,$3794.08,jcb,Salt,true
Goat - Whole Cut,XS,$97685.94,china-unionpay,Cheese,false
Soy Protein,S,$86128.51,mastercard,Strawberry Juice,true
Fib N9 - Prague Powder,3XL,$197312.71,diners-club-carte-blanche,Strawberry,true
Silicone Paper 16.5x24,3XL,$167726.11,jcb,Sugar,false
Jameson - Irish Whiskey,2XL,$77337.16,switch,Wine,false
Carbonated Water - Blackberry,2XL,$39200.37,maestro,Tuna,true
Glaze - Apricot,L,$141196.19,jcb,Salt,true
Wine - Wyndham Estate Bin 777,3XL,$21394.04,visa-electron,Tomatoe,false
Soup - Tomato Mush. Florentine,S,$86500.27,laser,Strawberry Juice,true
Pork Salted Bellies,3XL,$80048.83,china-unionpay,Strawberry,true
Wakami Seaweed,S,$988.59,mastercard,Cheese,false
"Wine - White, Gewurtzraminer",2XL,$108915.42,china-unionpay,Water,true
Goulash Seasoning,M,$68254.14,jcb,Wine,true
Parsley - Dried,XS,$15561.63,jcb,Strawberry,false
Soup - Verve - Chipotle Chicken,M,$193375.76,switch,Potatoes,false
Goat - Leg,M,$68929.73,switch,Salt,false
"Pasta - Detalini, White, Fresh",S,$113104.43,jcb,Cheese,true
Honey - Liquid,XS,$101160.79,jcb,Wine,true
Sugar - Crumb,S,$26756.93,mastercard,Sugar,true
Seedlings - Clamshell,L,$77434.43,jcb,Sugar,false
Pur Source,2XL,$183063.15,jcb,Water,true
"Pasta - Fettuccine, Egg, Fresh",L,$135509.46,mastercard,Cheese,true
Glaze - Apricot,S,$29006.34,diners-club-carte-blanche,Wine,false
Chips - Assorted,L,$48066.84,jcb,Tuna,false
"Lid - 10,12,16 Oz",XS,$148999.90,diners-club-enroute,Tuna,false
Coffee - Hazelnut Cream,M,$179318.02,jcb,Tuna,false
Veal - Sweetbread,L,$89546.11,americanexpress,Sugar,true
Bread - Pumpernickel,XL,$83402.45,visa-electron,Cheese,false
Absolut Citron,2XL,$59997.45,jcb,Strawberry,false
Bread - Onion Focaccia,XL,$118939.51,jcb,Strawberry Juice,false
Relish,M,$54920.96,jcb,Tomatoe,true
Cookie Choc,L,$148502.57,jcb,Potatoes,true
Wine - Hardys Bankside Shiraz,S,$66763.74,switch,Tuna,false
Liners - Baking Cups,L,$142432.93,diners-club-enroute,Salt,false
Vol Au Vents,M,$139880.05,diners-club-carte-blanche,Potatoes,true
Muffin Mix - Carrot,XS,$28645.11,visa-electron,Potatoes,true
Amarula Cream,XS,$137488.63,jcb,Cheese,true
Cheese - Shred Cheddar / Mozza,2XL,$8688.50,jcb,Tomatoe,true
Chocolate Bar - Coffee Crisp,L,$146546.61,maestro,Cheese,false
"Lamb - Whole, Frozen",3XL,$136897.75,laser,Water,false
Pumpkin,XS,$17864.59,visa-electron,Strawberry Juice,true
Hot Chocolate - Individual,2XL,$107758.65,jcb,Tomatoe,true
Nestea - Iced Tea,M,$174592.40,maestro,Strawberry Juice,true
"Apple - Delicious, Golden",XL,$86528.33,americanexpress,Wine,true
Pecan Raisin - Tarts,L,$12984.19,jcb,Wine,false
Sproutsmustard Cress,XL,$71718.27,visa-electron,Water,false
Scallops - 20/30,3XL,$19728.98,bankcard,Cheese,false
Appetizer - Chicken Satay,L,$31635.58,diners-club-enroute,Salt,true
Chocolate - Milk,XS,$37541.36,jcb,Tomatoe,false
Shrimp - Prawn,3XL,$70882.77,bankcard,Salt,false
Chocolate Eclairs,3XL,$142649.79,diners-club-enroute,Potatoes,false
"Bread - Multigrain, Loaf",L,$121547.89,mastercard,Strawberry Juice,true
Soup Campbells - Tomato Bisque,XL,$128131.93,diners-club-enroute,Strawberry,false
Rum - Mount Gay Eclipes,L,$84433.08,jcb,Potatoes,false
Wine - Gewurztraminer Pierre,XS,$18010.40,visa,Strawberry Juice,false
The Pop Shoppe - Black Cherry,S,$153689.26,maestro,Tomatoe,true
Soup Campbells - Italian Wedding,M,$55067.27,jcb,Potatoes,true
Cheese - Gouda Smoked,XS,$61894.92,jcb,Potatoes,false
Cheese - Augre Des Champs,L,$182081.04,jcb,Cheese,false
Pork - Smoked Back Bacon,M,$158962.95,jcb,Water,true
Bread - Rye,XL,$175059.93,jcb,Strawberry,true
Ice Cream - Fudge Bars,L,$2110.11,americanexpress,Sugar,false
Bread - Focaccia Quarter,M,$106532.29,diners-club-international,Water,false
Eggs - Extra Large,2XL,$99797.00,jcb,Tomatoe,true
Syrup - Kahlua Chocolate,2XL,$78638.23,jcb,Wine,true
"Soup - Canadian Pea, Dry Mix",L,$42880.96,diners-club-international,Potatoes,false
Tuna - Fresh,3XL,$37158.85,visa,Cheese,false
Bouq All Italian - Primerba,XS,$123419.23,jcb,Tuna,false
"Water, Tap",S,$144460.11,mastercard,Tuna,true
"Doilies - 8, Paper",L,$191835.48,jcb,Wine,true
"Gingerale - Schweppes, 355 Ml",L,$132182.46,jcb,Wine,false
Tea - Earl Grey,XL,$182709.98,jcb,Cheese,false
Lobster - Cooked,XL,$177747.63,jcb,Strawberry,false
Island Oasis - Ice Cream Mix,S,$27966.21,jcb,Strawberry Juice,true
Goat - Whole Cut,3XL,$31780.61,bankcard,Potatoes,true
Pate Pans Yellow,2XL,$195017.86,visa-electron,Sugar,false
Soup - Verve - Chipotle Chicken,XL,$25119.14,instapayment,Water,false
Tahini Paste,3XL,$143225.04,visa,Cheese,false
Soup - Cream Of Potato / Leek,M,$104751.79,mastercard,Tomatoe,true
Trueblue - Blueberry Cranberry,XL,$181804.21,jcb,Strawberry Juice,false
Wine - Dubouef Macon - Villages,S,$82080.92,jcb,Strawberry,false
"Pasta - Cannelloni, Sheets, Fresh",3XL,$95042.78,jcb,Tuna,false
Lotus Leaves,XS,$129085.79,jcb,Water,true
Silicone Parch. 16.3x24.3,2XL,$28910.41,bankcard,Salt,false
Wine - Pinot Grigio Collavini,XS,$165370.30,maestro,Tuna,false
"Mushroom - Oyster, Fresh",L,$157690.07,mastercard,Tomatoe,false
Cheese - Camembert,M,$2981.07,diners-club-enroute,Water,true
Lobster - Cooked,L,$136510.83,jcb,Tuna,true
Oil - Sesame,S,$22659.33,visa,Water,true
Cake - Sheet Strawberry,3XL,$31963.64,maestro,Potatoes,false
Olives - Morracan Dired,S,$92052.94,jcb,Strawberry,true
Devonshire Cream,XL,$114825.94,visa-electron,Cheese,true
Pasta - Cheese / Spinach Bauletti,3XL,$143419.96,diners-club-enroute,Tuna,false
Wine - Fino Tio Pepe Gonzalez,XS,$172849.33,mastercard,Tuna,true
Potatoes - Fingerling 4 Oz,3XL,$198733.35,diners-club-enroute,Potatoes,true
Fuji Apples,L,$165057.71,mastercard,Salt,true
Chocolate - Dark Callets,L,$159712.94,visa-electron,Wine,false
"Asparagus - White, Fresh",XL,$190391.21,jcb,Wine,true
Food Colouring - Red,XL,$45794.78,visa-electron,Strawberry,true
Beef - Cow Feet Split,3XL,$118837.22,visa-electron,Strawberry Juice,false
Gatorade - Cool Blue Raspberry,S,$10956.07,laser,Tomatoe,true
Beef - Short Ribs,3XL,$142.51,instapayment,Sugar,true
Lobak,L,$132620.67,visa-electron,Water,true
Straws - Cocktale,L,$55908.63,diners-club-enroute,Strawberry,false
Potatoes - Fingerling 4 Oz,L,$83979.60,laser,Tomatoe,true
Pan Grease,XS,$60058.45,diners-club-enroute,Cheese,true
"Pepper - Julienne, Frozen",XL,$159355.61,jcb,Sugar,true
Wine - Bouchard La Vignee Pinot,3XL,$13736.73,visa,Tomatoe,true
Flour Dark Rye,3XL,$81531.36,jcb,Potatoes,false
"Trout - Rainbow, Frozen",2XL,$98024.93,instapayment,Potatoes,true
Tart - Butter Plain Squares,L,$153198.59,jcb,Water,true
Tomatillo,2XL,$2693.23,jcb,Sugar,false
Wine - Cava Aria Estate Brut,L,$40072.73,jcb,Water,false
Squash - Butternut,S,$16681.76,solo,Wine,false
Water - Green Tea Refresher,2XL,$155625.75,jcb,Water,true
Muffin Mix - Banana Nut,S,$121407.51,visa-electron,Tuna,true
Duck - Breast,2XL,$176959.48,jcb,Strawberry,true
Sage Derby,L,$79984.28,jcb,Tomatoe,false
Glove - Cutting,XS,$90443.49,diners-club-enroute,Water,true
"Bread - Bagels, Mini",XS,$38598.07,jcb,Strawberry,true
Coffee - Hazelnut Cream,M,$8931.17,mastercard,Salt,true
Ocean Spray - Ruby Red,XS,$872.80,diners-club-us-ca,Potatoes,true
Snapple - Iced Tea Peach,S,$143607.37,maestro,Sugar,true
Teriyaki Sauce,3XL,$67928.73,jcb,Tomatoe,false
Pie Shell - 5,3XL,$165060.45,jcb,Strawberry Juice,true
Lettuce - Curly Endive,3XL,$150361.62,jcb,Cheese,false
Container - Foam Dixie 12 Oz,XL,$53754.58,mastercard,Water,false
Wine - Pinot Grigio Collavini,L,$73327.52,china-unionpay,Tuna,true
Chocolate Bar - Coffee Crisp,XL,$21892.04,switch,Water,false
Lemon Grass,3XL,$105920.79,jcb,Wine,true
Chips Potato Swt Chilli Sour,XS,$38895.28,diners-club-carte-blanche,Potatoes,false
Lettuce - Treviso,XS,$192952.35,diners-club-enroute,Sugar,true
Olives - Morracan Dired,XS,$153779.65,mastercard,Tomatoe,false
Scampi Tail,3XL,$96087.00,jcb,Strawberry Juice,true
Vodka - Smirnoff,S,$118033.46,diners-club-enroute,Tuna,false
"Cheese - Romano, Grated",S,$122840.59,mastercard,Tuna,true
"Pepper - White, Ground",3XL,$8384.85,jcb,Cheese,true
Nantucket Apple Juice,M,$181025.01,jcb,Potatoes,false
Pear - Halves,S,$181329.43,jcb,Strawberry,false
"Gin - Gilbeys London, Dry",2XL,$71158.76,mastercard,Water,false
Wine - Penfolds Koonuga Hill,XS,$1525.62,switch,Tuna,false
Bread - White Epi Baguette,2XL,$9256.95,maestro,Wine,false
"Pork - Sausage, Medium",L,$164792.97,laser,Tomatoe,false
Buffalo - Tenderloin,XS,$52469.31,jcb,Tuna,false
Milk - Chocolate 500ml,M,$24384.38,jcb,Wine,false
Breakfast Quesadillas,3XL,$64609.39,jcb,Salt,false
Ham - Cooked,L,$153442.79,jcb,Tuna,true
Chocolate Bar - Smarties,M,$64037.07,jcb,Cheese,true
"Juice - Apple, 500 Ml",S,$106260.05,jcb,Wine,false
Bacardi Limon,XL,$160472.36,jcb,Strawberry,false
Star Fruit,S,$155123.59,jcb,Water,true
"Chicken - Diced, Cooked",2XL,$53225.33,jcb,Water,false
Container - Foam Dixie 12 Oz,XL,$188046.69,switch,Tuna,false
Baking Soda,M,$37159.22,mastercard,Strawberry,true
Zucchini - Green,XL,$33115.26,jcb,Water,false
Milk - 1%,L,$80118.92,jcb,Potatoes,false
Ecolab - Lime - A - Way 4/4 L,S,$26342.07,switch,Sugar,false
Edible Flower - Mixed,L,$178859.12,visa,Potatoes,false
"Wine - Red, Pelee Island Merlot",S,$35253.40,laser,Water,false
Peach - Halves,XL,$128442.68,jcb,Cheese,false
Pepper - Red Bell,2XL,$171739.89,china-unionpay,Salt,false
Momiji Oroshi Chili Sauce,L,$143834.76,switch,Tomatoe,true
Pie Box - Cello Window 2.5,2XL,$33122.39,diners-club-enroute,Wine,true
Wine - Tribal Sauvignon,2XL,$72890.37,visa-electron,Salt,true
Gloves - Goldtouch Disposable,XS,$182316.95,visa-electron,Salt,true
Bread - Raisin Walnut Oval,2XL,$5975.63,switch,Water,true
Tea - Orange Pekoe,M,$44610.01,maestro,Sugar,false
Lettuce - Sea / Sea Asparagus,2XL,$197691.72,china-unionpay,Strawberry Juice,true
Longan,3XL,$126073.16,jcb,Sugar,true
Sandwich Wrap,3XL,$90236.90,mastercard,Strawberry Juice,true
Lettuce - Curly Endive,S,$131786.02,jcb,Water,false
Veal - Bones,XL,$188972.95,jcb,Tuna,false
Wasabi Powder,L,$57926.02,mastercard,Cheese,false
"Tomatoes - Cherry, Yellow",2XL,$27838.29,jcb,Strawberry Juice,true
"Lemonade - Kiwi, 591 Ml",3XL,$81694.64,jcb,Tomatoe,true
"Olives - Green, Pitted",XS,$122515.28,jcb,Tomatoe,true
Shrimp - 100 / 200 Cold Water,M,$47412.72,maestro,Strawberry,false
Flower - Dish Garden,XL,$101044.01,switch,Water,false
Butter - Unsalted,3XL,$109280.69,diners-club-enroute,Potatoes,true
Red Pepper Paste,XS,$109001.06,mastercard,Sugar,true
Nantucket Pine Orangebanana,2XL,$42589.03,jcb,Cheese,true
Wine - Magnotta - Cab Sauv,3XL,$53910.01,visa-electron,Water,true
Cup Translucent 9 Oz,XS,$183419.09,mastercard,Tuna,false
Chocolate - Liqueur Cups With Foil,L,$63253.49,maestro,Wine,false
Pickles - Gherkins,XS,$173660.57,china-unionpay,Tomatoe,true
Cocoa Butter,M,$115745.54,mastercard,Tuna,true
"Nut - Hazelnut, Ground, Natural",L,$17514.70,americanexpress,Potatoes,false
Spinach - Spinach Leaf,3XL,$3492.83,visa,Cheese,true
Pepper - Green,S,$55562.64,jcb,Potatoes,false
Water - Spring Water 500ml,L,$107625.97,mastercard,Sugar,true
Celery,M,$47012.57,instapayment,Salt,false
"Lamb - Racks, Frenched",S,$119918.87,visa-electron,Salt,false
Grapes - Black,M,$125537.89,jcb,Salt,true
Wine - Casillero Deldiablo,XS,$86082.12,americanexpress,Potatoes,true
Coffee - Flavoured,3XL,$29764.12,mastercard,Cheese,false
Puff Pastry - Slab,S,$57694.87,china-unionpay,Tuna,true
Apron,S,$107098.61,jcb,Sugar,false
"Beans - Fava, Canned",S,$34529.51,diners-club-enroute,Strawberry,false
"Crab - Back Fin Meat, Canned",S,$123365.46,visa-electron,Strawberry,false
Nantucket Pine Orangebanana,XS,$156507.60,americanexpress,Tuna,false
Foil Cont Round,XS,$84499.37,jcb,Wine,false
Coffee Cup 12oz 5342cd,S,$4510.36,mastercard,Water,true
"Tart Shells - Sweet, 2",3XL,$191753.82,americanexpress,Tuna,false
Creme De Menth - White,M,$170284.37,china-unionpay,Strawberry Juice,false
Cheese - Camembert,M,$104667.34,mastercard,Cheese,false
Sauce Tomato Pouch,2XL,$171675.39,jcb,Water,false
Bread - Malt,L,$175712.56,mastercard,Strawberry,false
Cookies Cereal Nut,XS,$66848.43,laser,Wine,true
Pectin,2XL,$158672.89,jcb,Strawberry,false
Iced Tea Concentrate,2XL,$143019.59,jcb,Tomatoe,true
Pea - Snow,M,$18434.69,mastercard,Wine,true
"Soda Water - Club Soda, 355 Ml",XS,$106560.00,americanexpress,Sugar,false
Squid - U - 10 Thailand,L,$82676.78,visa,Potatoes,false
Mushroom - Porcini Frozen,XS,$71674.00,americanexpress,Cheese,true
Nantucket - 518ml,M,$113417.40,americanexpress,Water,true
Shrimp - Tiger 21/25,XS,$65644.62,china-unionpay,Water,true
Wine - Saint Emilion Calvet,2XL,$46546.93,jcb,Wine,true
"Artichokes - Knobless, White",2XL,$22902.19,switch,Wine,true
Goldschalger,2XL,$138220.81,mastercard,Strawberry,false
"Carrots - Mini, Stem On",2XL,$28652.53,jcb,Strawberry,true
Gatorade - Fruit Punch,L,$42393.82,jcb,Tuna,false
Chips - Doritos,3XL,$4209.66,diners-club-enroute,Sugar,false
Sorrel - Fresh,3XL,$126730.11,diners-club-carte-blanche,Strawberry,false
"Halibut - Whole, Fresh",2XL,$73347.23,switch,Strawberry,false
Whmis - Spray Bottle Trigger,L,$67206.06,maestro,Strawberry Juice,true
Gatorade - Lemon Lime,XS,$58889.99,visa-electron,Tuna,false
Campari,L,$78554.75,maestro,Sugar,false
Seaweed Green Sheets,M,$90923.25,jcb,Wine,true
"Veal - Tenderloin, Untrimmed",XL,$170746.62,jcb,Cheese,false
Curry Powder,L,$195167.80,solo,Sugar,false
Durian Fruit,XS,$147188.60,jcb,Cheese,false
English Muffin,M,$67431.60,diners-club-enroute,Potatoes,false
"Chicken - Leg, Fresh",XS,$178076.62,americanexpress,Tuna,false
Cheese - Montery Jack,3XL,$53060.51,diners-club-carte-blanche,Salt,false
Ice Cream - Life Savers,M,$100837.46,americanexpress,Potatoes,true
Soup Bowl Clear 8oz92008,2XL,$96556.83,laser,Tuna,false
Mackerel Whole Fresh,3XL,$125321.85,visa,Strawberry Juice,true
Pear - Packum,L,$49139.78,jcb,Wine,true
Table Cloth 53x69 White,XL,$30679.73,jcb,Strawberry Juice,false
Oil - Macadamia,XS,$95421.22,diners-club-us-ca,Potatoes,true
Pan Grease,M,$83114.49,jcb,Potatoes,false
Skirt - 29 Foot,2XL,$30423.01,jcb,Wine,false
"Jam - Marmalade, Orange",S,$180389.50,bankcard,Tomatoe,false
Cabbage - Nappa,L,$112213.48,jcb,Cheese,false
Nestea - Iced Tea,3XL,$37338.25,instapayment,Sugar,true
Truffle Cups - Brown,L,$183897.33,jcb,Potatoes,false
Coffee Cup 8oz 5338cd,M,$89488.43,jcb,Salt,true
Cheese Cloth,3XL,$104582.99,switch,Water,true
Bread - White Mini Epi,2XL,$76493.99,switch,Tomatoe,false
"Syrup - Golden, Lyles",XS,$82028.51,switch,Wine,false
Sponge Cake Mix - Chocolate,2XL,$51210.47,visa,Tomatoe,false
Beef - Short Loin,M,$53764.12,jcb,Wine,false
Soup - French Onion,S,$2008.10,china-unionpay,Water,false
Butter Balls Salted,S,$316.75,maestro,Strawberry,false
Flour - Fast / Rapid,2XL,$114271.49,visa-electron,Potatoes,true
Cake - Pancake,2XL,$8240.65,diners-club-enroute,Wine,true
Lettuce - Spring Mix,3XL,$22428.92,jcb,Salt,false
Dasheen,M,$107848.93,mastercard,Sugar,true
Gelatine Leaves - Bulk,L,$95456.55,diners-club-carte-blanche,Tomatoe,false
V8 Splash Strawberry Banana,XS,$137723.49,jcb,Tuna,false
Coffee - Irish Cream,3XL,$77257.44,jcb,Strawberry,false
"Lettuce - Mini Greens, Whole",2XL,$103339.71,maestro,Water,true
"Flour - Buckwheat, Dark",2XL,$2149.00,diners-club-us-ca,Wine,true
Nantucket - Pomegranate Pear,L,$83444.58,jcb,Wine,false
Container - Foam Dixie 12 Oz,XS,$6223.06,diners-club-enroute,Cheese,true
Spice - Paprika,S,$38401.60,diners-club-enroute,Wine,true
Container - Clear 16 Oz,XL,$112991.63,bankcard,Water,true
"Soup - Beef Conomme, Dry",L,$172339.17,americanexpress,Sugar,true
Mix - Cocktail Ice Cream,M,$94125.71,mastercard,Salt,true
Thyme - Dried,XS,$12449.76,jcb,Salt,false
Chips - Potato Jalapeno,L,$88805.46,jcb,Strawberry Juice,true
Cookies Oatmeal Raisin,XS,$1510.27,jcb,Water,false
"Oranges - Navel, 72",XL,$108812.61,maestro,Strawberry Juice,false
"Juice - Pineapple, 341 Ml",M,$176920.09,diners-club-carte-blanche,Tuna,false
Salad Dressing,S,$170256.07,switch,Tuna,false
Wine - Ej Gallo Sonoma,XS,$180670.07,jcb,Strawberry,false
Tamarind Paste,XL,$174255.65,laser,Wine,false
"Yogurt - Cherry, 175 Gr",XL,$72338.76,instapayment,Wine,true
"C - Plus, Orange",3XL,$82361.54,americanexpress,Water,false
Bar Special K,XL,$35064.19,jcb,Cheese,false
"Napkin - Cocktail,beige 2 - Ply",S,$55690.49,jcb,Tomatoe,true
Cake - Cheese Cake 9 Inch,L,$131697.84,diners-club-carte-blanche,Wine,true
Bread - French Baquette,2XL,$31369.06,maestro,Tuna,true
"Shrimp - Baby, Cold Water",3XL,$57702.31,switch,Water,true
Wheat - Soft Kernal Of Wheat,S,$76414.93,jcb,Tuna,true
Cake - Dulce De Leche,XL,$60418.10,jcb,Potatoes,false
Cheese - Swiss,S,$72254.03,diners-club-us-ca,Salt,true
"Lamb - Leg, Boneless",S,$4530.92,jcb,Water,true
Tomatoes - Orange,M,$58383.65,diners-club-enroute,Water,true
Swiss Chard,M,$1197.97,instapayment,Strawberry,true
"Salt - Rock, Course",XL,$134626.55,diners-club-carte-blanche,Salt,true
Garlic,XL,$195386.51,jcb,Water,false
Bandage - Flexible Neon,L,$2391.08,maestro,Wine,false
Bread - French Baquette,3XL,$80089.78,jcb,Potatoes,true
"Pasta - Tortellini, Fresh",3XL,$18261.64,maestro,Tomatoe,true
Bread Crumbs - Panko,M,$14102.35,jcb,Tomatoe,true
Nantucket Cranberry Juice,L,$139807.97,bankcard,Wine,false
Wine - Rubyport,L,$107281.60,jcb,Tuna,true
"Jam - Blackberry, 20 Ml Jar",3XL,$114277.33,diners-club-enroute,Potatoes,true
"Beans - Fava, Canned",XL,$69854.96,jcb,Strawberry,false
Table Cloth 62x120 White,3XL,$199542.61,jcb,Tuna,true
"Pepper - Black, Crushed",XL,$19376.26,jcb,Salt,true
Bread - Italian Corn Meal Poly,XL,$4464.25,visa-electron,Sugar,true
Watercress,S,$11972.32,mastercard,Sugar,true
Cinnamon Rolls,2XL,$177942.08,laser,Tuna,true
Tart - Butter Plain Squares,M,$105128.81,jcb,Sugar,true
Bar Bran Honey Nut,XL,$179102.65,laser,Strawberry Juice,true
Eggplant - Asian,XL,$167514.81,jcb,Sugar,true
Beer - Heinekin,2XL,$166113.73,visa,Strawberry Juice,true
Bar Nature Valley,XS,$40712.82,china-unionpay,Salt,false
Grapefruit - Pink,L,$38800.47,maestro,Tomatoe,false
Cocoa Feuilletine,XL,$185553.22,jcb,Tomatoe,true
Mushroom - Portebello,L,$68631.37,jcb,Tuna,false
Truffle - Whole Black Peeled,M,$154365.52,instapayment,Salt,false
Cookies - Englishbay Oatmeal,S,$18262.79,china-unionpay,Potatoes,false
Peach - Fresh,S,$120681.62,jcb,Tuna,false
Beans - Fava Fresh,M,$31426.74,jcb,Tuna,true
"Star Anise, Whole",XS,$65857.14,jcb,Strawberry Juice,false
Sweet Pea Sprouts,L,$60220.04,jcb,Potatoes,true
Peas Snow,XS,$180769.79,jcb,Water,true
Pastry - Apple Large,L,$105121.74,visa-electron,Potatoes,true
Wine - Marlbourough Sauv Blanc,2XL,$199739.90,switch,Salt,false
"Wine - Magnotta, Merlot Sr Vqa",S,$172667.58,jcb,Wine,false
Bread - Olive Dinner Roll,XL,$158620.99,jcb,Strawberry Juice,false
"Bread - Pullman, Sliced",XS,$68717.85,maestro,Wine,false
Lemon Balm - Fresh,XS,$108611.05,jcb,Tuna,false
Bread - Crusty Italian Poly,XS,$38713.03,bankcard,Water,true
Ginger - Fresh,XL,$199048.33,jcb,Tomatoe,true
Sauce - Oyster,L,$195599.07,diners-club-enroute,Water,true
"Peas - Pigeon, Dry",M,$21914.30,jcb,Wine,true
Coffee - Almond Amaretto,XL,$52424.54,switch,Water,true
Appetizer - Southwestern,S,$111960.69,jcb,Cheese,false
Appetizer - Cheese Bites,M,$146749.16,bankcard,Strawberry Juice,false
Sauerkraut,XL,$61289.29,switch,Tuna,false
"Lamb - Whole Head Off,nz",M,$13512.07,jcb,Cheese,true
Potato - Sweet,XL,$137830.51,jcb,Tuna,true
Olive - Spread Tapenade,3XL,$142497.38,switch,Strawberry,true
Juice - Cranberry 284ml,M,$115446.61,mastercard,Salt,true
Tomato Paste,S,$169767.28,diners-club-carte-blanche,Sugar,true
Pears - Bartlett,XL,$57273.55,mastercard,Water,false
Avocado,XS,$57939.63,maestro,Water,false
"Lentils - Green, Dry",2XL,$169382.86,china-unionpay,Potatoes,false
Wine - Acient Coast Caberne,XL,$5602.83,bankcard,Potatoes,true
"Chilli Paste, Sambal Oelek",XS,$121773.33,maestro,Potatoes,true
"Wine - Harrow Estates, Vidal",3XL,$71420.91,jcb,Sugar,false
Beef - Inside Round,XS,$9107.39,bankcard,Salt,true
Sponge Cake Mix - Chocolate,XL,$25035.46,jcb,Potatoes,false
Lemon Tarts,XL,$92058.08,jcb,Water,true
Soup Campbells,2XL,$102908.93,china-unionpay,Tuna,true
Tofu - Firm,XS,$151091.34,visa,Water,false
"Beef - Rib Roast, Capless",XS,$122420.01,americanexpress,Cheese,false
Potato - Sweet,L,$157765.56,jcb,Tuna,false
"Pepper - Red, Finger Hot",S,$174264.81,jcb,Strawberry Juice,true
Strawberries - California,XL,$152880.85,jcb,Strawberry,false
Steampan - Foil,XL,$111495.58,jcb,Wine,true
Sausage - Andouille,M,$81574.32,americanexpress,Potatoes,true
Ginsing - Fresh,3XL,$114450.64,jcb,Wine,false
Coffee - French Vanilla Frothy,2XL,$7427.45,jcb,Strawberry Juice,false
Flower - Daisies,M,$195095.16,diners-club-carte-blanche,Tuna,true
Broom - Corn,XL,$40425.17,jcb,Strawberry Juice,false
"Shrimp - Baby, Cold Water",3XL,$68822.25,jcb,Strawberry Juice,true
Bread - Dark Rye,XL,$83774.95,jcb,Salt,false
Clam Nectar,XL,$59557.60,jcb,Sugar,true
Tea - Green,XS,$120042.89,bankcard,Cheese,true
Chinese Foods - Chicken Wing,3XL,$74856.89,china-unionpay,Strawberry Juice,true
Wine - Two Oceans Cabernet,3XL,$39461.66,jcb,Salt,true
Cheese - Parmigiano Reggiano,L,$128483.90,visa,Sugar,true
Wine - Vidal Icewine Magnotta,M,$187389.28,jcb,Strawberry,false
"Nut - Pine Nuts, Whole",L,$155206.61,solo,Cheese,false
Kirsch - Schloss,S,$84713.12,jcb,Strawberry,false
Wine - Gato Negro Cabernet,S,$180705.28,jcb,Strawberry Juice,false
Bagel - Everything Presliced,M,$192329.57,maestro,Strawberry,false
"Butter - Salted, Micro",L,$199271.24,jcb,Tomatoe,false
"Corn - Cream, Canned",XL,$16228.52,laser,Wine,true
"Pasta - Gnocchi, Potato",XS,$189125.80,bankcard,Cheese,true
Pepper - Red Thai,XS,$88385.64,laser,Wine,true
Wine - Black Tower Qr,3XL,$178510.01,jcb,Cheese,true
Rum - Mount Gay Eclipes,XS,$120570.99,jcb,Potatoes,true
Crab - Soft Shell,XL,$131090.21,jcb,Wine,false
Fork - Plastic,2XL,$184767.57,jcb,Potatoes,true
Curry Powder Madras,S,$168858.71,jcb,Tuna,true
Lettuce - Treviso,M,$125031.76,maestro,Potatoes,false
Sauce - Rosee,XS,$129841.39,jcb,Water,false
Lamb - Sausage Casings,XL,$4088.88,mastercard,Tomatoe,false
"Beans - Turtle, Black, Dry",XL,$77963.46,americanexpress,Strawberry Juice,false
"Chicken - Breast, 5 - 7 Oz",2XL,$51800.02,visa-electron,Strawberry,true
Pastry - Plain Baked Croissant,3XL,$91433.45,bankcard,Salt,true
Ecolab - Hand Soap Form Antibac,XS,$89467.22,maestro,Tomatoe,true
Island Oasis - Ice Cream Mix,3XL,$71488.84,jcb,Tomatoe,true
Wine - Kwv Chenin Blanc South,S,$89594.71,jcb,Tomatoe,false
Chocolate - Liqueur Cups With Foil,S,$67255.71,diners-club-enroute,Salt,true
"Coffee - Beans, Whole",2XL,$175874.49,instapayment,Potatoes,true
Straws - Cocktale,XL,$68604.38,china-unionpay,Cheese,false
Nantucket - 518ml,XL,$78071.22,jcb,Tuna,true
Marzipan 50/50,M,$162720.21,jcb,Tuna,true
Puree - Mango,3XL,$10148.55,jcb,Tuna,true
Beer - Steamwhistle,XS,$51023.41,diners-club-us-ca,Wine,false
Raisin - Dark,L,$29430.93,jcb,Wine,false
Rabbit - Frozen,XS,$192756.57,jcb,Wine,true
Pepper - Chilli Seeds Mild,2XL,$141420.92,americanexpress,Wine,false
Jam - Apricot,M,$27118.23,diners-club-us-ca,Wine,false
Syrup - Monin - Passion Fruit,L,$172576.20,mastercard,Tuna,false
Mustard - Dijon,3XL,$168093.10,switch,Wine,true
Piping Jelly - All Colours,L,$178366.23,jcb,Wine,true
Anisette - Mcguiness,S,$139012.28,jcb,Potatoes,false
Assorted Desserts,M,$124430.40,switch,Strawberry Juice,true
"Sprite, Diet - 355ml",3XL,$12149.71,switch,Wine,true
Cookie - Dough Variety,M,$71233.23,jcb,Cheese,false
"Melon - Watermelon, Seedless",2XL,$647.22,jcb,Water,false
Soupcontfoam16oz 116con,L,$161128.22,china-unionpay,Tomatoe,true
Wine - Chateau Aqueria Tavel,M,$102630.93,jcb,Tomatoe,true
Cheese - Pied De Vents,XL,$4449.69,jcb,Cheese,true
Tea - English Breakfast,XL,$14877.11,solo,Wine,true
Bread - Corn Muffaleta Onion,XS,$77725.44,americanexpress,Wine,true
"Beef - Chuck, Boneless",S,$133176.05,bankcard,Sugar,true
Table Cloth 144x90 White,3XL,$169540.66,jcb,Cheese,false
Cocoa Powder - Natural,L,$61982.67,jcb,Cheese,false
Shrimp - Black Tiger 13/15,M,$134579.67,jcb,Wine,false
Pork - Caul Fat,XS,$155328.24,americanexpress,Wine,true
Vodka - Moskovskaya,XS,$74130.07,jcb,Water,true
Cookie Dough - Chunky,L,$10850.80,diners-club-carte-blanche,Cheese,false
Kellogs Special K Cereal,XS,$86936.49,jcb,Strawberry Juice,true
Lid Tray - 16in Dome,M,$111896.35,jcb,Cheese,false
Filter - Coffee,S,$51421.40,diners-club-international,Tuna,true
Island Oasis - Banana Daiquiri,S,$99698.98,jcb,Strawberry,true
Cheese - Sheep Milk,3XL,$152761.64,jcb,Cheese,false
Mint - Fresh,L,$45621.69,diners-club-enroute,Wine,true
Carbonated Water - Blackcherry,S,$115217.42,jcb,Water,true
Pie Shell - 5,3XL,$179219.12,jcb,Cheese,true
Icecream Bar - Del Monte,3XL,$126274.61,jcb,Tomatoe,true
Muffin Orange Individual,L,$17940.37,solo,Tuna,false
Nescafe - Frothy French Vanilla,M,$118653.92,maestro,Tuna,true
Muffin Hinge 117n,S,$129843.58,visa,Sugar,false
Gatorade - Lemon Lime,L,$126689.74,jcb,Strawberry Juice,true
Frangelico,3XL,$158282.99,americanexpress,Salt,true
"Juice - Tomato, 48 Oz",2XL,$73341.15,jcb,Strawberry,true
Chick Peas - Canned,2XL,$146251.16,americanexpress,Wine,false
Sugar - Invert,L,$101617.50,jcb,Water,false
Pasta - Orecchiette,L,$76116.70,jcb,Potatoes,false
Puree - Passion Fruit,3XL,$191795.50,solo,Strawberry Juice,true
Eggplant - Regular,XS,$115883.83,diners-club-us-ca,Sugar,false
Milk - Homo,S,$118330.15,laser,Tuna,true
Danishes - Mini Raspberry,M,$153728.70,jcb,Sugar,true
Beef - Kobe Striploin,S,$35928.58,diners-club-carte-blanche,Tomatoe,true
Flour - Fast / Rapid,3XL,$188004.67,jcb,Potatoes,false
Squid - Tubes / Tenticles 10/20,2XL,$69420.17,jcb,Strawberry,false
Saskatoon Berries - Frozen,L,$172770.42,americanexpress,Tuna,false
Appetizer - Chicken Satay,3XL,$188709.44,visa,Water,true
Spinach - Spinach Leaf,M,$114772.32,china-unionpay,Cheese,true
"Lamb - Whole, Fresh",L,$159572.89,china-unionpay,Water,true
Wine - Fino Tio Pepe Gonzalez,XL,$92991.48,jcb,Tuna,false
Cheese - Pied De Vents,S,$107149.57,jcb,Tomatoe,false
Peas - Frozen,L,$131828.30,jcb,Potatoes,true
Milk - Skim,XS,$58225.27,jcb,Potatoes,false
Daikon Radish,M,$167547.43,diners-club-us-ca,Potatoes,false
Ecolab - Balanced Fusion,2XL,$60489.49,jcb,Potatoes,false
"Pasta - Canelloni, Single Serve",XS,$103025.21,diners-club-carte-blanche,Salt,false
Tomatoes - Cherry,M,$158558.78,diners-club-carte-blanche,Strawberry Juice,true
Wine - Chablis 2003 Champs,3XL,$118906.17,maestro,Wine,true
Pepper - Jalapeno,M,$95678.45,diners-club-enroute,Sugar,false
Egg - Salad Premix,XS,$161627.43,jcb,Sugar,false
Shrimp - Prawn,3XL,$136517.20,mastercard,Wine,false
Wine - Rubyport,XL,$96122.76,jcb,Sugar,true
Pepper - Yellow Bell,M,$185735.82,jcb,Cheese,true
Wine - Barossa Valley Estate,3XL,$66894.52,diners-club-us-ca,Cheese,true
Wine - Prosecco Valdobienne,L,$130191.01,visa-electron,Cheese,true
Crawfish,M,$182925.91,laser,Cheese,true
The Pop Shoppe - Black Cherry,XS,$88183.00,solo,Tomatoe,true
"Soup - Campbells, Butternut",L,$14351.36,instapayment,Tuna,false
Onions - Vidalia,S,$174443.86,jcb,Tomatoe,false
Vodka - Moskovskaya,XL,$91727.32,switch,Sugar,true
"Yogurt - Peach, 175 Gr",XL,$161338.31,mastercard,Tuna,true
Mustard - Pommery,XL,$66488.65,maestro,Tuna,false
Pate - Liver,2XL,$145139.17,diners-club-carte-blanche,Salt,false
Cake - Cheese Cake 9 Inch,3XL,$72702.45,jcb,Water,false
Ham Black Forest,3XL,$199416.44,jcb,Strawberry,true
"Chicken - Base, Ultimate",3XL,$42077.73,jcb,Salt,false
Pepper - Chilli Seeds Mild,2XL,$195043.71,jcb,Strawberry Juice,false
Wine - Balbach Riverside,M,$103749.30,jcb,Cheese,false
Swordfish Loin Portions,2XL,$164343.08,jcb,Water,false
Haggis,L,$168729.61,jcb,Salt,false
Cheese - Brie Roitelet,M,$74025.89,visa-electron,Sugar,true
Lettuce - Spring Mix,2XL,$113711.09,jcb,Strawberry Juice,true
Sultanas,3XL,$136286.76,china-unionpay,Water,true
Wine - Chianti Classica Docg,XL,$19076.79,visa,Salt,false
Milk - 1%,2XL,$23243.82,instapayment,Tuna,false
Cabbage - Nappa,XS,$191874.66,diners-club-carte-blanche,Wine,true
Brandy Apricot,XS,$156531.10,visa-electron,Sugar,false
Lettuce - Iceberg,L,$45300.98,jcb,Sugar,true
Fondant - Icing,S,$168428.14,bankcard,Tuna,true
Basil - Fresh,XS,$81339.12,jcb,Potatoes,true
Bread - Calabrese Baguette,XS,$117003.67,laser,Strawberry,false
"Rosemary - Primerba, Paste",L,$2190.63,maestro,Water,true
Knife Plastic - White,3XL,$124347.70,china-unionpay,Strawberry,true
"Tart Shells - Sweet, 3",L,$178905.39,switch,Potatoes,true
"Soda Water - Club Soda, 355 Ml",M,$104751.22,jcb,Water,false
Milk - Chocolate 250 Ml,3XL,$67128.25,instapayment,Wine,false
"Soup - Campbells, Butternut",XS,$197097.63,visa-electron,Cheese,false
Puff Pastry - Slab,XL,$180246.45,jcb,Tuna,false
"Pasta - Bauletti, Chicken White",3XL,$160381.50,jcb,Potatoes,false
"Rum - Spiced, Captain Morgan",XL,$152534.39,mastercard,Salt,true
Sachet,M,$140812.75,jcb,Strawberry Juice,false
Soup - Campbells Chicken,2XL,$170787.36,jcb,Wine,true
"Rum - Spiced, Captain Morgan",XL,$145052.28,jcb,Strawberry,true
Absolut Citron,2XL,$195859.45,jcb,Wine,true
Ecolab - Ster Bac,L,$119560.69,jcb,Potatoes,false
Bread Base - Toscano,L,$147900.75,jcb,Salt,false
"Wine - White, Pinot Grigio",XL,$33698.19,visa,Strawberry Juice,false
Steam Pan - Half Size Deep,XS,$79189.65,visa-electron,Water,true
Cake - Pancake,XS,$77116.68,diners-club-enroute,Strawberry Juice,false
Wine - Sake,2XL,$163608.02,jcb,Salt,true
"Beef - Tongue, Cooked",S,$34576.92,diners-club-carte-blanche,Strawberry Juice,true
Appetiser - Bought,XS,$110759.73,laser,Water,false
Chicken Thigh - Bone Out,M,$16877.41,jcb,Strawberry,false
Green Tea Refresher,M,$25027.45,instapayment,Wine,false
Foil Cont Round,2XL,$46673.36,jcb,Strawberry,false
Cheese - Augre Des Champs,2XL,$50524.96,jcb,Sugar,true
Cookies Almond Hazelnut,2XL,$97700.13,visa,Tomatoe,false
Cheese - Gorgonzola,L,$141390.39,americanexpress,Sugar,true
"Tomatoes - Vine Ripe, Yellow",2XL,$77142.20,jcb,Sugar,false
"Capon - Breast, Wing On",2XL,$14109.65,jcb,Wine,true
Lettuce - Treviso,M,$147537.11,bankcard,Salt,false
Tea - English Breakfast,L,$112413.02,jcb,Strawberry Juice,false
Wine - Rioja Campo Viejo,XS,$50611.29,jcb,Cheese,false
Chips Potato All Dressed - 43g,S,$94423.92,solo,Strawberry Juice,false
Bag Stand,3XL,$196454.16,maestro,Wine,true
Bar Nature Valley,XL,$174102.90,mastercard,Sugar,false
Bread - Hot Dog Buns,3XL,$6466.93,diners-club-enroute,Strawberry Juice,true
Glass - Juice Clear 5oz 55005,S,$112531.41,maestro,Strawberry Juice,true
Pastry - Baked Scones - Mini,M,$183756.00,visa,Tomatoe,false
Bacardi Raspberry,S,$82083.01,china-unionpay,Tomatoe,true
Octopus,S,$156024.16,jcb,Wine,true
"Wine - Magnotta - Red, Baco",3XL,$172321.23,diners-club-carte-blanche,Potatoes,true
Lotus Root,XS,$178102.67,jcb,Salt,false
Pepper - Gypsy Pepper,L,$89569.25,jcb,Cheese,true
Mortadella,M,$154989.65,jcb,Strawberry,false
Bread Cranberry Foccacia,XS,$194032.87,jcb,Cheese,false
Longos - Lasagna Beef,XL,$86971.47,jcb,Strawberry Juice,false
Wine - Pinot Grigio Collavini,XL,$37532.23,china-unionpay,Tuna,true
Tea - Honey Green Tea,XS,$141842.55,jcb,Water,true
Bag Clear 10 Lb,L,$71112.65,jcb,Potatoes,false
Oil - Peanut,M,$7091.42,jcb,Sugar,true
Tandoori Curry Paste,XL,$119819.50,jcb,Potatoes,true
Wine - Chianti Classica Docg,3XL,$65354.75,jcb,Sugar,true
Hummus - Spread,S,$90391.19,jcb,Strawberry Juice,true
Sprouts - Corn,XL,$168077.56,jcb,Salt,false
Table Cloth 62x120 White,M,$110924.89,mastercard,Cheese,false
Pastry - Banana Muffin - Mini,L,$130045.77,jcb,Strawberry,true
Pate - Peppercorn,L,$175645.23,jcb,Sugar,false
Sword Pick Asst,M,$147463.29,maestro,Potatoes,true
Sugar - Palm,S,$117532.09,maestro,Sugar,false
"Thyme - Lemon, Fresh",XL,$52046.99,jcb,Sugar,false
Wine - Malbec Trapiche Reserve,2XL,$11069.23,visa-electron,Tuna,true
Fireball Whisky,3XL,$121694.99,mastercard,Cheese,true
Coconut Milk - Unsweetened,L,$64038.12,jcb,Wine,false
Pickles - Gherkins,L,$174075.54,jcb,Wine,false
Sauce Bbq Smokey,2XL,$79521.09,maestro,Tuna,false
Bread Base - Goodhearth,M,$124520.59,jcb,Strawberry,false
Ice Cream Bar - Hagen Daz,S,$172183.90,jcb,Strawberry Juice,true
Calaloo,M,$35550.50,jcb,Water,true
Bread - Pumpernickel,XL,$63662.05,jcb,Tomatoe,true
Cream - 10%,M,$90379.15,jcb,Potatoes,true
Carrots - Jumbo,M,$79928.26,jcb,Strawberry,false
Otomegusa Dashi Konbu,S,$67465.07,jcb,Water,false
Hagen Daza - Dk Choocolate,M,$122664.28,maestro,Water,false
Anchovy Fillets,M,$162320.30,mastercard,Strawberry Juice,true
Green Scrubbie Pad H.duty,S,$35638.05,china-unionpay,Tuna,true
Beer - Labatt Blue,XS,$165128.05,jcb,Cheese,false
Tray - 12in Rnd Blk,XL,$133114.71,switch,Tuna,true
Danishes - Mini Raspberry,2XL,$151084.50,mastercard,Potatoes,true
"Beans - Black Bean, Preserved",XL,$72631.43,jcb,Sugar,false
V8 - Tropical Blend,S,$151216.57,diners-club-us-ca,Tuna,false
Chocolate - Sugar Free Semi Choc,3XL,$132412.60,china-unionpay,Potatoes,true
Tea - Black Currant,S,$161510.23,visa,Water,false
Brandy Cherry - Mcguinness,S,$182600.96,jcb,Cheese,false
"Pasta - Canelloni, Single Serve",L,$130593.26,jcb,Salt,false
Wine - Delicato Merlot,M,$62215.60,bankcard,Strawberry,false
Liqueur - Melon,S,$17476.12,jcb,Cheese,true
Tobasco Sauce,XS,$182445.99,diners-club-us-ca,Water,true
Sauce - Chili,S,$106443.54,visa-electron,Sugar,true
Tamarind Paste,XL,$64843.49,diners-club-enroute,Sugar,false
Muffin Orange Individual,XL,$136985.80,diners-club-enroute,Wine,true
"Juice - Tomato, 10 Oz",L,$64448.79,jcb,Water,true
Salad Dressing,M,$141008.62,jcb,Salt,false
Paper - Brown Paper Mini Cups,XL,$119289.51,diners-club-carte-blanche,Water,false
Sauce - Sesame Thai Dressing,S,$161380.58,jcb,Strawberry Juice,false
Bread Ww Cluster,2XL,$7235.12,jcb,Strawberry Juice,true
Pork - Kidney,2XL,$72778.28,mastercard,Water,false
Salt - Seasoned,XL,$183548.43,visa,Wine,false
Bread Crumbs - Japanese Style,3XL,$77654.42,jcb,Water,true
Cauliflower,L,$161616.35,maestro,Strawberry,true
"Gin - Gilbeys London, Dry",3XL,$137744.84,visa-electron,Potatoes,false
"Soup - Campbells, Classic Chix",XL,$186068.98,switch,Tuna,false
Lotus Leaves,M,$179775.42,maestro,Strawberry Juice,false
Cinnamon - Stick,XS,$31694.24,mastercard,Potatoes,false
"Asparagus - White, Canned",M,$141389.26,jcb,Tomatoe,true
Lettuce - Sea / Sea Asparagus,3XL,$175014.79,maestro,Wine,false
Soup - Campbells Beef Strogonoff,S,$169033.50,laser,Cheese,false
Energy Drink,3XL,$192379.37,laser,Wine,true
"Nut - Almond, Blanched, Sliced",S,$171271.63,jcb,Tuna,true
Beef Tenderloin Aaa,L,$192284.16,jcb,Tomatoe,true
Quail - Jumbo,L,$173166.47,jcb,Sugar,true
Sauce - Hp,XS,$107406.42,china-unionpay,Potatoes,false
"Nut - Hazelnut, Ground, Natural",L,$128382.04,jcb,Salt,true
Wine - Rhine Riesling Wolf Blass,XS,$134567.74,diners-club-carte-blanche,Salt,false
Beef - Striploin,S,$118892.17,jcb,Potatoes,false
Puff Pastry - Slab,2XL,$5473.37,jcb,Tuna,true
Mustard - Seed,L,$20046.06,jcb,Wine,true
Avocado,S,$77882.99,jcb,Cheese,false
"Wine - Cahors Ac 2000, Clos",L,$199454.27,laser,Cheese,false
Broom And Broom Rack White,3XL,$138789.13,jcb,Tuna,false
"Wine - White, Ej",S,$7732.39,china-unionpay,Water,false
Bread - Pita,3XL,$130657.72,americanexpress,Wine,false
"Vinegar - Balsamic, White",L,$68806.72,diners-club-carte-blanche,Wine,false
Mushroom - Portebello,2XL,$174325.05,switch,Salt,true
"Spoon - Soup, Plastic",XL,$39251.01,jcb,Cheese,true
Ham - Cooked Bayonne Tinned,M,$182417.66,switch,Water,true
Hot Chocolate - Individual,L,$39006.56,jcb,Wine,false
Carbonated Water - Strawberry,3XL,$62576.00,diners-club-enroute,Potatoes,false
Pumpkin,XL,$186761.52,bankcard,Wine,true
Tobasco Sauce,XS,$57650.99,jcb,Cheese,true
"Mop Head - Cotton, 24 Oz",XS,$93867.97,laser,Potatoes,false
Flour - Fast / Rapid,M,$53736.60,jcb,Tuna,false
Pork - Bones,M,$107395.87,jcb,Strawberry,false
"Pasta - Bauletti, Chicken White",XL,$83149.55,maestro,Salt,false
"Wine - Red, Colio Cabernet",M,$135668.66,jcb,Strawberry Juice,false
Pork - Smoked Back Bacon,XL,$8252.25,diners-club-carte-blanche,Cheese,false
Salt - Celery,XL,$56384.70,visa-electron,Sugar,false
Jagermeister,2XL,$158297.01,jcb,Strawberry,true
Cookies - Fortune,2XL,$74585.27,china-unionpay,Wine,true
Oil - Sunflower,L,$94448.54,jcb,Strawberry,false
Muffin Hinge 117n,XS,$49122.72,jcb,Strawberry Juice,false
Island Oasis - Pina Colada,M,$113500.92,jcb,Tomatoe,true
Truffle Cups Green,XS,$30378.43,jcb,Tuna,true
Truffle - Whole Black Peeled,XS,$2787.20,jcb,Salt,false
Squash - Pepper,3XL,$13738.71,instapayment,Salt,false
Beef Ground Medium,S,$25717.55,jcb,Wine,false
"Chicken - Thigh, Bone In",3XL,$15003.46,switch,Wine,false
"Croissant, Raw - Mini",3XL,$122420.61,jcb,Water,false
"Noodles - Cellophane, Thin",M,$71015.04,jcb,Sugar,true
Sping Loaded Cup Dispenser,2XL,$115338.03,instapayment,Tomatoe,true
Bread - Raisin Walnut Pull,S,$194617.55,solo,Salt,false
Bagel - Sesame Seed Presliced,XL,$136120.96,maestro,Strawberry,false
Wine - Clavet Saint Emilion,2XL,$71171.10,china-unionpay,Strawberry Juice,false
"Pork - Chop, Frenched",XL,$69031.37,bankcard,Cheese,false
Bread - Pain Au Liat X12,M,$64779.01,maestro,Sugar,false
Wine - George Duboeuf Rose,L,$16264.24,jcb,Tomatoe,true
"Wine - Red, Pinot Noir, Chateau",L,$124022.77,jcb,Wine,true
Carbonated Water - Orange,3XL,$168297.30,diners-club-international,Strawberry,true
Wine - Two Oceans Sauvignon,L,$195541.07,jcb,Water,false
Cheese - Parmesan Grated,S,$190924.45,visa-electron,Salt,false
Ice Cream - Chocolate,XS,$99403.78,jcb,Cheese,false
Jerusalem Artichoke,XS,$167100.09,mastercard,Strawberry Juice,true
"Wine - White, Pinot Grigio",XS,$91430.79,laser,Strawberry Juice,true
Tomato Puree,3XL,$43287.34,jcb,Strawberry,false
Garbage Bags - Clear,3XL,$185267.03,diners-club-carte-blanche,Water,false
Nori Sea Weed,S,$104024.04,americanexpress,Wine,false
Wine - Beaujolais Villages,XS,$197157.22,bankcard,Water,true
Chicken - Wieners,XL,$79085.71,jcb,Wine,true
"Tomatoes - Plum, Canned",XS,$12922.61,instapayment,Wine,false
Fudge - Chocolate Fudge,L,$95771.93,mastercard,Strawberry,false
Sloe Gin - Mcguinness,3XL,$104102.53,jcb,Water,false
Beef Striploin Aaa,S,$25881.71,mastercard,Strawberry Juice,true
Cauliflower,3XL,$134600.80,jcb,Strawberry Juice,false
Absolut Citron,XS,$113602.95,switch,Strawberry Juice,true
Sponge Cake Mix - Chocolate,3XL,$123226.10,jcb,Wine,true
Plasticknivesblack,3XL,$172428.14,jcb,Sugar,false
Jolt Cola - Red Eye,XL,$83687.85,instapayment,Strawberry Juice,false
Pastry - Cherry Danish - Mini,XS,$60188.17,china-unionpay,Strawberry Juice,true
Juice - Apple Cider,L,$190546.24,americanexpress,Strawberry,true
Lamb Rack - Ontario,S,$4896.09,jcb,Tuna,true
Dates,M,$99408.00,jcb,Cheese,false
Pancetta,XL,$71164.66,mastercard,Tomatoe,false
"Coconut - Shredded, Unsweet",XL,$74561.37,maestro,Salt,true
"Cheese - Havarti, Roasted Garlic",S,$135386.43,jcb,Wine,false
Bread - Crusty Italian Poly,2XL,$20027.81,jcb,Potatoes,true
Cheese Cloth,XL,$96552.76,laser,Salt,true
Scallops - 20/30,2XL,$143424.03,switch,Tomatoe,false
Soup - Base Broth Chix,M,$73533.00,jcb,Salt,true
Dried Apple,L,$101805.84,jcb,Tuna,true
Juice - Orange,XS,$50042.97,switch,Sugar,false
Shrimp - Black Tiger 26/30,M,$11823.18,jcb,Tuna,true
Temperature Recording Station,3XL,$147385.26,jcb,Strawberry Juice,true
"Asparagus - Green, Fresh",M,$122497.30,mastercard,Strawberry,false
Beef - Tender Tips,S,$102692.25,jcb,Wine,false
"Pasta - Lasagna Noodle, Frozen",3XL,$76199.54,jcb,Water,false
Beer - Tetleys,XS,$47654.60,jcb,Water,true
Wine - Marlbourough Sauv Blanc,3XL,$148431.74,maestro,Cheese,false
Waffle Stix,XS,$103481.80,jcb,Water,true
Veal - Slab Bacon,2XL,$131992.50,jcb,Water,true
Beef - Montreal Smoked Brisket,L,$95960.92,jcb,Tuna,false
Pancetta,2XL,$126832.24,diners-club-enroute,Wine,false
Container Clear 8 Oz,S,$131004.07,visa,Potatoes,true
Tea - Herbal I Love Lemon,L,$33463.35,diners-club-enroute,Strawberry Juice,false
Oil - Canola,S,$23460.05,solo,Tuna,true
"Sole - Dover, Whole, Fresh",M,$54300.63,jcb,Cheese,false
"Tortillas - Flour, 12",XS,$752.08,china-unionpay,Strawberry Juice,false
Lettuce - Radicchio,2XL,$42947.24,jcb,Tuna,false
Quail Eggs - Canned,L,$115543.55,mastercard,Strawberry Juice,false
Greens Mustard,XL,$143829.26,jcb,Wine,true
Potato - Sweet,XL,$21008.57,diners-club-enroute,Strawberry Juice,false
Bacardi Mojito,M,$49588.41,jcb,Potatoes,true
Coffee Swiss Choc Almond,L,$64400.29,jcb,Salt,true
Beef - Sushi Flat Iron Steak,2XL,$176999.24,jcb,Strawberry,false
Wine - Gewurztraminer Pierre,M,$190987.05,jcb,Wine,true
Ecolab - Medallion,L,$149386.01,diners-club-enroute,Salt,false
Oneshot Automatic Soap System,XL,$193241.20,americanexpress,Cheese,true
Sauce - Ranch Dressing,XL,$69271.93,jcb,Strawberry,true
Sun - Dried Tomatoes,2XL,$25512.96,diners-club-enroute,Wine,true
Mushroom - King Eryingii,L,$199291.02,mastercard,Cheese,true
Duck - Fat,XL,$78828.02,china-unionpay,Cheese,false
Cocktail Napkin Blue,M,$187264.63,jcb,Water,false
Island Oasis - Banana Daiquiri,S,$5945.13,jcb,Strawberry Juice,false
Cheese - Taleggio D.o.p.,3XL,$32169.51,diners-club-enroute,Wine,false
Scrubbie - Scotchbrite Hand Pad,3XL,$12658.88,jcb,Water,true
Flower - Commercial Bronze,2XL,$103027.53,jcb,Strawberry Juice,false
Extract - Lemon,M,$146480.59,jcb,Wine,true
Godiva White Chocolate,L,$22478.43,jcb,Strawberry,true
Coffee - French Vanilla Frothy,M,$95265.38,solo,Potatoes,false
Beef - Salted,3XL,$154372.33,visa-electron,Water,true
"Salmon - Whole, 4 - 6 Pounds",S,$116665.65,americanexpress,Tuna,false
Lamb - Rack,M,$30862.12,visa-electron,Potatoes,true
Pork - Backfat,3XL,$199939.67,jcb,Strawberry,false
Bread - Pumpernickel,S,$132416.05,americanexpress,Strawberry,false
"Juice - V8, Tomato",XL,$93148.04,jcb,Tomatoe,false
Muffins - Assorted,M,$107145.80,instapayment,Salt,true
Boogies,2XL,$199530.77,maestro,Cheese,true
"Cake Circle, Foil, Scallop",XL,$176058.09,laser,Wine,true
"Basil - Primerba, Paste",3XL,$94895.61,laser,Cheese,true
Icecream - Dstk Cml And Fdg,L,$139190.81,bankcard,Strawberry Juice,false
Food Colouring - Pink,L,$148069.76,mastercard,Strawberry Juice,false
Pasta - Canelloni,XS,$81722.09,bankcard,Tuna,false
Crackers Cheez It,M,$96945.25,maestro,Salt,true
Rabbit - Frozen,M,$112962.93,jcb,Tomatoe,false
Clam Nectar,S,$77664.24,diners-club-carte-blanche,Water,true
Bread - White Epi Baguette,3XL,$84269.03,china-unionpay,Tomatoe,false
Veal - Heart,XL,$142313.02,jcb,Tomatoe,true
Bread - Assorted Rolls,3XL,$89207.95,jcb,Strawberry Juice,false
Truffle Cups - Brown,M,$57560.52,jcb,Potatoes,false
Sausage - Blood Pudding,S,$35753.82,jcb,Salt,true
Longos - Greek Salad,M,$179794.69,jcb,Strawberry Juice,false
Cake - Cake Sheet Macaroon,S,$131064.90,jcb,Salt,true
"Basil - Dry, Rubbed",3XL,$79501.24,jcb,Sugar,false
Appetizer - Tarragon Chicken,3XL,$83794.68,switch,Strawberry Juice,false
"Wine - White, Antinore Orvieto",S,$141501.49,jcb,Strawberry Juice,true
Butter Sweet,S,$178136.02,jcb,Wine,true
Vinegar - Champagne,XL,$2108.12,mastercard,Tomatoe,false
Sansho Powder,3XL,$29019.07,jcb,Water,true
"Crab - Dungeness, Whole",M,$187484.07,americanexpress,Water,false
Nougat - Paste / Cream,M,$140305.10,switch,Wine,false
Vinegar - Tarragon,L,$80356.54,china-unionpay,Strawberry,false
Muffin - Mix - Bran And Maple 15l,M,$71639.63,jcb,Potatoes,true
Wine - Periguita Fonseca,S,$174794.81,jcb,Strawberry,false
Longos - Chicken Caeser Salad,S,$65548.76,jcb,Sugar,false
Jolt Cola - Red Eye,3XL,$27405.03,jcb,Strawberry,true
Lettuce - Treviso,2XL,$77331.82,laser,Tuna,false
"Gingerale - Schweppes, 355 Ml",2XL,$34141.09,jcb,Cheese,false
Container - Foam Dixie 12 Oz,XL,$193520.38,jcb,Water,false
Vector Energy Bar,M,$129921.60,jcb,Wine,false
Cheese - Stilton,M,$157493.46,jcb,Wine,false
"Cheese - Brie, Cups 125g",M,$27404.51,jcb,Tomatoe,false
"Quail - Whole, Boneless",XS,$110270.64,jcb,Salt,false
Wine - George Duboeuf Rose,S,$7561.66,diners-club-us-ca,Strawberry Juice,false
Barley - Pearl,2XL,$47336.95,visa-electron,Tuna,false
"Halibut - Whole, Fresh",M,$169561.58,visa,Strawberry,false
Cherries - Frozen,M,$125563.82,jcb,Tomatoe,true
Lettuce - Boston Bib - Organic,2XL,$70940.70,switch,Water,false
Guinea Fowl,2XL,$175376.57,americanexpress,Sugar,true
Creme De Menthe Green,2XL,$181282.55,mastercard,Tuna,true
Crush - Cream Soda,2XL,$77600.81,switch,Tomatoe,true
Parasol Pick Stir Stick,XS,$115509.85,switch,Tuna,false
Soup - Base Broth Chix,M,$150119.24,visa-electron,Tomatoe,true
"Rum - Cream, Amarula",S,$87653.75,jcb,Strawberry Juice,true
"Flour - Corn, Fine",3XL,$10800.02,jcb,Strawberry,true
Pork - Ground,S,$57000.85,americanexpress,Tomatoe,false
"Beans - Kidney, Canned",L,$156498.92,bankcard,Sugar,true
Beef - Tenderloin - Aa,M,$103168.44,diners-club-enroute,Sugar,true
Dry Ice,XL,$176250.24,jcb,Cheese,false
Muffin Mix - Corn Harvest,L,$174933.89,jcb,Salt,true
Chinese Lemon Pork,XS,$123760.81,jcb,Strawberry Juice,false
"Juice - Apple, 500 Ml",M,$190487.91,jcb,Strawberry Juice,true
"Beef - Chuck, Boneless",L,$3839.47,visa,Strawberry Juice,false
Cornflakes,M,$44349.03,jcb,Wine,true
Veal - Sweetbread,3XL,$143677.44,maestro,Sugar,false
Island Oasis - Banana Daiquiri,S,$111327.47,americanexpress,Sugar,true
Wine - Malbec Trapiche Reserve,M,$81705.30,jcb,Salt,true
Fond - Chocolate,S,$31800.50,instapayment,Strawberry Juice,false
"Flour - Buckwheat, Dark",3XL,$45082.23,mastercard,Wine,true
"Sauce - Bernaise, Mix",S,$18623.56,mastercard,Cheese,false
Bouillion - Fish,3XL,$162622.36,jcb,Potatoes,true
Icecream Bar - Del Monte,L,$59131.66,americanexpress,Tuna,true
Scallops - U - 10,M,$184699.49,diners-club-enroute,Wine,false
"Oil - Truffle, Black",XS,$75064.74,diners-club-carte-blanche,Tuna,true
Sun - Dried Tomatoes,L,$117590.07,jcb,Salt,true
Beef - Kobe Striploin,L,$109363.62,jcb,Tuna,true
"Apple - Delicious, Golden",XS,$158331.73,mastercard,Potatoes,false
Wine - Jaboulet Cotes Du Rhone,L,$152250.45,laser,Tomatoe,true
Cookie Choc,S,$40865.50,diners-club-carte-blanche,Tuna,true
Dasheen,M,$172647.15,visa,Strawberry,true
Tomatoes - Heirloom,XL,$29022.72,jcb,Salt,true
Wine - Toasted Head,XL,$26256.45,jcb,Tomatoe,true
Mushroom - Crimini,L,$185892.79,switch,Salt,false
Petit Baguette,M,$171889.26,diners-club-us-ca,Wine,false
Bread - Sour Batard,3XL,$24751.38,jcb,Wine,true
"Red Snapper - Fillet, Skin On",XS,$154538.09,bankcard,Cheese,true
Daikon Radish,S,$34734.19,jcb,Strawberry,false
Cheese - Brie Roitelet,M,$56757.66,switch,Cheese,false
Juice - Cranberry 284ml,XL,$2151.45,bankcard,Wine,true
"Yogurt - Peach, 175 Gr",M,$65900.42,maestro,Wine,true
"Pasta - Penne, Lisce, Dry",M,$34956.52,instapayment,Water,true
Muffin - Banana Nut Individual,XL,$133046.27,visa-electron,Water,false
Tea Leaves - Oolong,S,$182523.42,diners-club-enroute,Strawberry Juice,false
Bread - Sour Batard,2XL,$85961.67,jcb,Tuna,true
"Fish - Atlantic Salmon, Cold",2XL,$65771.47,jcb,Tomatoe,false
"Marjoram - Dried, Rubbed",M,$169386.02,visa-electron,Salt,true
"Tuna - Canned, Flaked, Light",2XL,$4030.99,diners-club-carte-blanche,Strawberry,true
V8 Splash Strawberry Banana,S,$173671.95,switch,Tuna,false
Dried Figs,S,$174234.76,bankcard,Potatoes,true
Oysters - Smoked,S,$141325.29,solo,Potatoes,true
Almonds Ground Blanched,XS,$153073.30,americanexpress,Strawberry Juice,true
Ice Cream - Fudge Bars,XS,$190300.11,jcb,Tuna,false
Swiss Chard - Red,XS,$178684.67,china-unionpay,Water,false
Muffin Mix - Banana Nut,S,$155663.81,jcb,Strawberry,false
Beef - Short Loin,XS,$39142.51,jcb,Salt,true
Irish Cream - Butterscotch,L,$2539.97,instapayment,Wine,true
Lid - 16 Oz And 32 Oz,L,$135895.97,jcb,Wine,false
Beef Flat Iron Steak,M,$42235.66,jcb,Strawberry,false
Sobe - Liz Blizz,2XL,$114915.35,jcb,Sugar,false
Chinese Foods - Plain Fried Rice,L,$118246.49,switch,Sugar,true
Watercress,M,$1840.83,jcb,Wine,false
"Liqueur Banana, Ramazzotti",XL,$77335.07,americanexpress,Water,true
Wine - Masi Valpolocell,2XL,$33680.33,visa,Potatoes,false
"Pail - 15l White, With Handle",L,$62770.27,visa-electron,Cheese,true
Sesame Seed Black,M,$138835.90,switch,Sugar,true
Apples - Sliced / Wedge,S,$2221.98,diners-club-carte-blanche,Potatoes,true
"Pepper - Paprika, Spanish",3XL,$12497.01,maestro,Strawberry Juice,true
Oysters - Smoked,M,$98654.36,switch,Cheese,true
Venison - Ground,2XL,$178910.47,jcb,Tuna,true
"Coconut - Creamed, Pure",XS,$186820.38,visa-electron,Water,true
Mustard - Pommery,S,$175351.14,maestro,Wine,true
Peach - Halves,M,$106229.04,jcb,Tomatoe,true
"Wine - Magnotta, Merlot Sr Vqa",S,$55313.55,diners-club-carte-blanche,Wine,true
Table Cloth - 53x69 Colour,S,$11672.78,jcb,Tomatoe,false
Wiberg Cure,XL,$1391.33,mastercard,Water,false
"Wine - Red, Wolf Blass, Yellow",S,$166207.72,visa-electron,Water,true
"Lid - 10,12,16 Oz",2XL,$116907.29,mastercard,Potatoes,true
Piping - Bags Quizna,2XL,$120111.57,jcb,Strawberry,true
Mushroom - White Button,3XL,$117334.73,instapayment,Salt,false
Creme De Menthe Green,2XL,$117385.76,switch,Sugar,false
Bread - Raisin Walnut Oval,2XL,$145773.21,jcb,Sugar,false
